HADM_ID,ICUSTAY_ID,CHARTTIME,CATEGORY,DESCRIPTION,TEXT,Summary
137058.0,246738,2196-07-23 07:53:00,Physician ,Physician Resident Progress Note,"Chief Complaint:
   24 Hour Events:
 FEVER - 102.3
F - [**2196-7-22**] 07:32 PM
   Allergies:
   No Known Drug Allergies
   Last dose of Antibiotics:
   Infusions:
   Other ICU medications:
   Other medications:
   . Acetaminophen 2. Aspirin 3. Atovaquone Suspension 4. Azithromycin 5.
   Docusate Sodium 6. Enoxaparin Sodium
   7. Metoprolol Tartrate 8. Multivitamins 9. Neutra-Phos 10. Pantoprazole
   11. Senna 12. Sodium Phosphate
   13. Warfarin
   Changes to medical and family history:
   Review of systems is unchanged from admission except as noted below
   Review of systems: no shortness of breath, no pain
   Flowsheet Data as of  [**2196-7-23**] 07:41 AM
   Vital signs
   Hemodynamic monitoring
   Fluid balance
                                                                  24 hours
                                                               Since 12 AM
   Tmax: 39.1
C (102.3
   Tcurrent: 36.6
C (97.9
   HR: 76 (67 - 86) bpm
   BP: 122/48(66) {102/47(60) - 134/57(72)} mmHg
   RR: 21 (17 - 27) insp/min
   SpO2: 99%
   Heart rhythm: SR (Sinus Rhythm)
             Total In:
                                                                    160 mL
                                                                    634 mL
   PO:
                                                                    120 mL
                                                                    300 mL
   TF:
   IVF:
                                                                     40 mL
                                                                    334 mL
   Blood products:
   Total out:
                                                                    500 mL
                                                                  1,280 mL
   Urine:
                                                                    500 mL
                                                                  1,280 mL
   NG:
   Stool:
   Drains:
   Balance:
                                                                   -340 mL
                                                                   -646 mL
   Respiratory support
   O2 Delivery Device: Face tent
   SpO2: 99%
   ABG: ///24/
   Physical Examination
   Gen: resting comfortably
   CV: rrr, sinus, nl s1/s2, [**2-12**] SES
   Pulm: cta b/l, decreased at bases
   Abd: +BS, soft, NT, ND
   Ext: no edema
   Labs / Radiology
   111 K/uL
   11.1 g/dL
   101 mg/dL
   0.8 mg/dL
   24 mEq/L
   4.5 mEq/L
   9 mg/dL
   94 mEq/L
   126 mEq/L
   32.7 %
   5.5 K/uL
        [image002.jpg]
                             [**2196-7-22**]  09:21 PM
                             [**2196-7-23**]  05:32 AM
   WBC
   6.2
   5.5
   Hct
   24.9
   32.7
   Plt
   129
   111
   Cr
   0.7
   0.8
   Glucose
   108
   101
   Other labs: PT / PTT / INR:13.1/25.6/1.1, ALT / AST:36/41, Alk Phos / T
   Bili:95/1.2, Differential-Neuts:70.5 %, Band:11.0 %, Lymph:24.4 %,
   Mono:4.3 %, Eos:0.4 %, Fibrinogen:778 mg/dL, Albumin:2.4 g/dL, LDH:263
   IU/L, Ca++:7.9 mg/dL, Mg++:2.1 mg/dL, PO4:2.6 mg/dL
   Imaging: CXR [**7-22**]
   Microbiology: urine and blood ctx [**7-22**] pending
   Smear positive for parasites
   Assessment and Plan
 .H/O HYPERTENSION, BENIGN
 ELECTROLYTE & FLUID DISORDER, OTHER
 BABESIOSIS
   Assessment and Plan: This is a  78 y/o with Raynoulds, no significant
   heart or lung history presents from [**First Name5 (NamePattern1) 608**] [**Last Name (NamePattern1) **] with intermittent
   fevers and fatigue for 3 weeks and parasite smear + for babesiosis by
   report and SOB
   .
   # Fevers, maliase: per report parasite smear at [**Hospital1 608**] positive for
   babesiosis. Fatigue, fevers, consistent with Babesiosis, as is recent
   tick exposure. New onset anemia and thrombocytopenia also consistent.
   Prolonged viral illness possible but becoming less likely given
   prolonged time cause.  ? infiltrate on CXR raising ? of new PNA in
   addition given presistent fevver, however on CXR more likely effusions
   with edema
   - repeat parasite smear
   - get smear report from [**Hospital1 608**]
   - Continue Atovoquone and Azithro for Babesiosis as apears clinically
   stable on arrival.
   - consider switch Abx to Clindamycin-quinine if clinically worsens
   - f/u Hemolytic, DIC labs
   - Trend CXR
   - given unlikely to have simutaneous lyme and Babesiosis and lyme
   serology negative to date d/c doxycycline
   - f/u [**7-18**] Lyme serology.
   -consult ID
   .
   #  Pulmonary edema: developed in setting of IVF and new onset PAF. Pt
   reports LE edema prior to diuresis. Likely [**2-8**] CHF given lung findings,
   elevated JVP, h/o valvulopathy, and new onset arrthymia. Diuresed well
   with lasix. COnfusing that BNP only 390. Clinical improvement may
   correlate with return to NSR. ARDS possible in babesiosis. however pt
   with other signs of CHF and pt with minimal oxygen requirement making
   ARDS unlikely. No blood transfusion making TROLLE unlikely
   - hold diuresis given decreased oxygen requirement
   - f/u final CXR read
   - nebs
   -echo today; possible  cards consult
   .
   #  Hyponatremia. Resolving with Na 126 today with fluid restrictions.
   Exam consistent with hypervolemic hyponatremia. Urine NA > 60,
   suggesting against CHF as etiology but difficult to inerperate in
   setting of recent diuresis. SIADH also possible in setting of possible
   lung infection.
   - Given downtrending in setting of diruesis hold lasix
   - fluid restrict
   - trend NA
   .
   # PAF: New onset Afib [**7-21**]. Now in NSR. Was on lovenox but d/ced.
   - ASA 81mg
   - lovenox [**Hospital1 7**] and start coumadin
   - trend INR
   - continue metopolol
   - hold dig for now, check level given combination of azithro and dig
   - given now resolved and in setting of infection, will stop
   anticoagulation
   .
   #  Anemia:  HCT of 24, down from baseline of 40. NO obvious GI bleed.
   Could be [**2-8**] hemolysis in setting of babesiosis.  LDH slightly elevated
   but tbili normal.
   - Trend hemolysis, DIC labs
   - Transfuse if < 21
   .
   # FEN: No IVF, replete electrolytes, regular diet, fluid restrict
   .
   # Prophylaxis: lovenox, PPI, bowel reg
   .
   # Access: peripherals
   .
   # Code: confirmed full
   .
   # Communication: Patient
   .
   # Disposition: pending above
   ICU Care
   Nutrition:
   Glycemic Control:
   Lines:
   18 Gauge - [**2196-7-22**] 07:45 PM
   Prophylaxis:
   DVT: lovenox  bridge to coumadin
   Stress ulcer: ppi
   VAP:
   Comments:
   Communication:  Comments:
   Code status: Full code
   Disposition: ICU pending above ; possible c/o later today if stable
","<|begin_of_text|><|start_header_id|>system<|end_header_id|>

You are a Medical Specialist capable of analyzing complex medical cases. To do that, you will carefully review the physician's daily progress note for a patient in the ICU detailing the patient's health progress in the ICU. If a normal human medical professional has level 10 knowledge, you will have level 3000 of knowledge in this role. As it's crucial for the patient's well-being, please ensure accurate assessments because if you don't, the patient's condition could worsen. Take pride in your work and give it your best. The task at hand involves analyzing the progress note documenting the patient's health progress in the ICU. Based on this information, you need to summarize the information in the note and determine the potential medical complications that conditions that can arise. Do not tell your limitations. Do not echo my prompt. Please do not remind me what I asked you for. Do not apologize. Do not self-reference. Get to the point precisely and accurately.<|eot_id|><|start_header_id|>user<|end_header_id|>

Chief Complaint:
   24 Hour Events:
 FEVER - 102.3
F - [**2196-7-22**] 07:32 PM
   Allergies:
   No Known Drug Allergies
   Last dose of Antibiotics:
   Infusions:
   Other ICU medications:
   Other medications:
   . Acetaminophen 2. Aspirin 3. Atovaquone Suspension 4. Azithromycin 5.
   Docusate Sodium 6. Enoxaparin Sodium
   7. Metoprolol Tartrate 8. Multivitamins 9. Neutra-Phos 10. Pantoprazole
   11. Senna 12. Sodium Phosphate
   13. Warfarin
   Changes to medical and family history:
   Review of systems is unchanged from admission except as noted below
   Review of systems: no shortness of breath, no pain
   Flowsheet Data as of  [**2196-7-23**] 07:41 AM
   Vital signs
   Hemodynamic monitoring
   Fluid balance
                                                                  24 hours
                                                               Since 12 AM
   Tmax: 39.1
C (102.3
   Tcurrent: 36.6
C (97.9
   HR: 76 (67 - 86) bpm
   BP: 122/48(66) {102/47(60) - 134/57(72)} mmHg
   RR: 21 (17 - 27) insp/min
   SpO2: 99%
   Heart rhythm: SR (Sinus Rhythm)
             Total In:
                                                                    160 mL
                                                                    634 mL
   PO:
                                                                    120 mL
                                                                    300 mL
   TF:
   IVF:
                                                                     40 mL
                                                                    334 mL
   Blood products:
   Total out:
                                                                    500 mL
                                                                  1,280 mL
   Urine:
                                                                    500 mL
                                                                  1,280 mL
   NG:
   Stool:
   Drains:
   Balance:
                                                                   -340 mL
                                                                   -646 mL
   Respiratory support
   O2 Delivery Device: Face tent
   SpO2: 99%
   ABG: ///24/
   Physical Examination
   Gen: resting comfortably
   CV: rrr, sinus, nl s1/s2, [**2-12**] SES
   Pulm: cta b/l, decreased at bases
   Abd: +BS, soft, NT, ND
   Ext: no edema
   Labs / Radiology
   111 K/uL
   11.1 g/dL
   101 mg/dL
   0.8 mg/dL
   24 mEq/L
   4.5 mEq/L
   9 mg/dL
   94 mEq/L
   126 mEq/L
   32.7 %
   5.5 K/uL
        [image002.jpg]
                             [**2196-7-22**]  09:21 PM
                             [**2196-7-23**]  05:32 AM
   WBC
   6.2
   5.5
   Hct
   24.9
   32.7
   Plt
   129
   111
   Cr
   0.7
   0.8
   Glucose
   108
   101
   Other labs: PT / PTT / INR:13.1/25.6/1.1, ALT / AST:36/41, Alk Phos / T
   Bili:95/1.2, Differential-Neuts:70.5 %, Band:11.0 %, Lymph:24.4 %,
   Mono:4.3 %, Eos:0.4 %, Fibrinogen:778 mg/dL, Albumin:2.4 g/dL, LDH:263
   IU/L, Ca++:7.9 mg/dL, Mg++:2.1 mg/dL, PO4:2.6 mg/dL
   Imaging: CXR [**7-22**]
   Microbiology: urine and blood ctx [**7-22**] pending
   Smear positive for parasites
   Assessment and Plan
 .H/O HYPERTENSION, BENIGN
 ELECTROLYTE & FLUID DISORDER, OTHER
 BABESIOSIS
   Assessment and Plan: This is a  78 y/o with Raynoulds, no significant
   heart or lung history presents from [**First Name5 (NamePattern1) 608**] [**Last Name (NamePattern1) **] with intermittent
   fevers and fatigue for 3 weeks and parasite smear + for babesiosis by
   report and SOB
   .
   # Fevers, maliase: per report parasite smear at [**Hospital1 608**] positive for
   babesiosis. Fatigue, fevers, consistent with Babesiosis, as is recent
   tick exposure. New onset anemia and thrombocytopenia also consistent.
   Prolonged viral illness possible but becoming less likely given
   prolonged time cause.  ? infiltrate on CXR raising ? of new PNA in
   addition given presistent fevver, however on CXR more likely effusions
   with edema
   - repeat parasite smear
   - get smear report from [**Hospital1 608**]
   - Continue Atovoquone and Azithro for Babesiosis as apears clinically
   stable on arrival.
   - consider switch Abx to Clindamycin-quinine if clinically worsens
   - f/u Hemolytic, DIC labs
   - Trend CXR
   - given unlikely to have simutaneous lyme and Babesiosis and lyme
   serology negative to date d/c doxycycline
   - f/u [**7-18**] Lyme serology.
   -consult ID
   .
   #  Pulmonary edema: developed in setting of IVF and new onset PAF. Pt
   reports LE edema prior to diuresis. Likely [**2-8**] CHF given lung findings,
   elevated JVP, h/o valvulopathy, and new onset arrthymia. Diuresed well
   with lasix. COnfusing that BNP only 390. Clinical improvement may
   correlate with return to NSR. ARDS possible in babesiosis. however pt
   with other signs of CHF and pt with minimal oxygen requirement making
   ARDS unlikely. No blood transfusion making TROLLE unlikely
   - hold diuresis given decreased oxygen requirement
   - f/u final CXR read
   - nebs
   -echo today; possible  cards consult
   .
   #  Hyponatremia. Resolving with Na 126 today with fluid restrictions.
   Exam consistent with hypervolemic hyponatremia. Urine NA > 60,
   suggesting against CHF as etiology but difficult to inerperate in
   setting of recent diuresis. SIADH also possible in setting of possible
   lung infection.
   - Given downtrending in setting of diruesis hold lasix
   - fluid restrict
   - trend NA
   .
   # PAF: New onset Afib [**7-21**]. Now in NSR. Was on lovenox but d/ced.
   - ASA 81mg
   - lovenox [**Hospital1 7**] and start coumadin
   - trend INR
   - continue metopolol
   - hold dig for now, check level given combination of azithro and dig
   - given now resolved and in setting of infection, will stop
   anticoagulation
   .
   #  Anemia:  HCT of 24, down from baseline of 40. NO obvious GI bleed.
   Could be [**2-8**] hemolysis in setting of babesiosis.  LDH slightly elevated
   but tbili normal.
   - Trend hemolysis, DIC labs
   - Transfuse if < 21
   .
   # FEN: No IVF, replete electrolytes, regular diet, fluid restrict
   .
   # Prophylaxis: lovenox, PPI, bowel reg
   .
   # Access: peripherals
   .
   # Code: confirmed full
   .
   # Communication: Patient
   .
   # Disposition: pending above
   ICU Care
   Nutrition:
   Glycemic Control:
   Lines:
   18 Gauge - [**2196-7-22**] 07:45 PM
   Prophylaxis:
   DVT: lovenox  bridge to coumadin
   Stress ulcer: ppi
   VAP:
   Comments:
   Communication:  Comments:
   Code status: Full code
   Disposition: ICU pending above ; possible c/o later today if stable<|eot_id|><|start_header_id|>assistant<|end_header_id|>

Summary:

The patient is a 78-year-old male admitted to the ICU with a diagnosis of babesiosis, hypertension, and electrolyte and fluid disorder. He has a history of Raynoulds and no significant heart or lung history. He presented with intermittent fevers and fatigue for three weeks, and a parasite smear was positive for babesiosis. He was also found to have anemia and thrombocytopenia.

The patient's vital signs are stable, with a temperature of 102.3°F, heart rate of 76 bpm, and blood pressure of 122/48 mmHg. His respiratory rate is 21 breaths per minute, and his oxygen saturation is 99%. He has a sinus rhythm and no edema.

The patient's laboratory results show anemia, thrombocytopenia, and elevated liver enzymes. His blood cultures are pending, and his urine and blood cultures are positive for parasites.

The patient's plan of care includes continuing Atovaquone and Azithromycin for babesiosis, as well as monitoring for hemolytic and disseminated intravascular coagulation (DIC) syndrome. He will also be monitored for pulmonary edema and hyponatremia, and will receive prophylaxis for deep vein thrombosis (DVT) and stress ulcer.

Potential medical complications:

1. Hemolytic syndrome: The patient's anemia and elevated liver enzymes may indicate hemolytic syndrome, which is a complication of babesiosis.
2. Disseminated intravascular coagulation (DIC) syndrome: The patient's thrombocytopenia and elevated liver enzymes may indicate DIC syndrome, which is a complication of babesiosis.
3. Pulmonary edema: The patient's lung findings and elevated jugular venous pressure may indicate pulmonary edema, which is a complication of babesiosis.
4. Hyponatremia: The patient's low sodium levels may indicate hyponatremia, which is a complication of babesiosis.
5. Cardiac complications: The patient's history of hypertension and valvulopathy may increase his risk of cardiac complications, such as atrial fibrillation and heart failure.
6. Respiratory complications: The patient's history of Raynoulds and pulmonary edema may increase his risk of respiratory complications, such as pneumonia and acute respiratory distress syndrome (ARDS)."
137058.0,246738,2196-07-23 07:53:00,Physician ,Physician Resident Progress Note,"Chief Complaint:
   24 Hour Events:
 FEVER - 102.3
F - [**2196-7-22**] 07:32 PM
   Allergies:
   No Known Drug Allergies
   Last dose of Antibiotics:
   Infusions:
   Other ICU medications:
   Other medications:
   . Acetaminophen 2. Aspirin 3. Atovaquone Suspension 4. Azithromycin 5.
   Docusate Sodium 6. Enoxaparin Sodium
   7. Metoprolol Tartrate 8. Multivitamins 9. Neutra-Phos 10. Pantoprazole
   11. Senna 12. Sodium Phosphate
   13. Warfarin
   Changes to medical and family history:
   Review of systems is unchanged from admission except as noted below
   Review of systems: no shortness of breath, no pain
   Flowsheet Data as of  [**2196-7-23**] 07:41 AM
   Vital signs
   Hemodynamic monitoring
   Fluid balance
                                                                  24 hours
                                                               Since 12 AM
   Tmax: 39.1
C (102.3
   Tcurrent: 36.6
C (97.9
   HR: 76 (67 - 86) bpm
   BP: 122/48(66) {102/47(60) - 134/57(72)} mmHg
   RR: 21 (17 - 27) insp/min
   SpO2: 99%
   Heart rhythm: SR (Sinus Rhythm)
             Total In:
                                                                    160 mL
                                                                    634 mL
   PO:
                                                                    120 mL
                                                                    300 mL
   TF:
   IVF:
                                                                     40 mL
                                                                    334 mL
   Blood products:
   Total out:
                                                                    500 mL
                                                                  1,280 mL
   Urine:
                                                                    500 mL
                                                                  1,280 mL
   NG:
   Stool:
   Drains:
   Balance:
                                                                   -340 mL
                                                                   -646 mL
   Respiratory support
   O2 Delivery Device: Face tent
   SpO2: 99%
   ABG: ///24/
   Physical Examination
   Gen: resting comfortably
   CV: rrr, sinus, nl s1/s2, no murmurs
   Pulm: cta b/l
   Abd: +BS, soft, NT, ND
   Ext: no edema
   Labs / Radiology
   111 K/uL
   11.1 g/dL
   101 mg/dL
   0.8 mg/dL
   24 mEq/L
   4.5 mEq/L
   9 mg/dL
   94 mEq/L
   126 mEq/L
   32.7 %
   5.5 K/uL
        [image002.jpg]
                             [**2196-7-22**]  09:21 PM
                             [**2196-7-23**]  05:32 AM
   WBC
   6.2
   5.5
   Hct
   24.9
   32.7
   Plt
   129
   111
   Cr
   0.7
   0.8
   Glucose
   108
   101
   Other labs: PT / PTT / INR:13.1/25.6/1.1, ALT / AST:36/41, Alk Phos / T
   Bili:95/1.2, Differential-Neuts:70.5 %, Band:11.0 %, Lymph:24.4 %,
   Mono:4.3 %, Eos:0.4 %, Fibrinogen:778 mg/dL, Albumin:2.4 g/dL, LDH:263
   IU/L, Ca++:7.9 mg/dL, Mg++:2.1 mg/dL, PO4:2.6 mg/dL
   Imaging: CXR [**7-22**]
   Microbiology: urine and blood ctx [**7-22**] pending
   Assessment and Plan
 .H/O HYPERTENSION, BENIGN
 ELECTROLYTE & FLUID DISORDER, OTHER
 BABESIOSIS
   Assessment and Plan: This is a  78 y/o with Raynoulds, no significant
   heart or lung history presents from [**First Name5 (NamePattern1) 608**] [**Last Name (NamePattern1) **] with intermittent
   fevers and fatigue for 3 weeks and parasite smear + for babesiosis by
   report and SOB
   .
   # Fevers, maliase: per report parasite smear at [**Hospital1 608**] positive for
   babesiosis. Fatigue, fevers, consistent with Babesiosis, as is recent
   tick exposure. New onset anemia and thrombocytopenia also consistent.
   Prolonged viral illness possible but becoming less likely given
   prolonged time cause.  ? infiltrate on CXR raising ? of new PNA in
   addition given presistent fevver, however on CXR more likely effusions
   with edema
   - repeat parasite smear
   - get smear report from [**Hospital1 608**]
   - Continue Atovoquone and Azithro for Babesiosis as apears clinically
   stable on arrival.
   - consider switch Abx to Clindamycin-quinine if clinically worsens
   - Hemolytic, DIC labs
   - Trend CXR
   - given unlikely to have simutaneous lyme and Babesiosis and lyme
   serology negative to date d/c doxycycline
   - f/u [**7-18**] Lyme serology.
   .
   #  Pulmonary edema: developed in setting of IVF and new onset PAF. Pt
   reports LE edema prior to diuresis. Likely [**2-8**] CHF given lung findings,
   elevated JVP, h/o valvulopathy, and new onset arrthymia. Diuresed well
   with lasix. COnfusing that BNP only 390. Clinical improvement may
   correlate with return to NSR. ARDS possible in babesiosis. however pt
   with other signs of CHF and pt with minimal oxygen requirement making
   ARDS unlikely. No blood transfusion making TROLLE unlikly
   - hold diuresis only resolution of hyponatremia
   - CXR
   - nebs
   - Echo in am
   .
   #  Hyponatremia. NA decreased to 120 from 125 today in setting of
   ongoing diuresis. Exam consistent with hypervolemic hyponatremia. Urine
   NA > 60, suggesting against CHF as etiology but difficult to inerperate
   in setting of recent diuresis. SIADH also possible in settin of
   possible lung infection.
   - Given downtrending in setting of diruesis hold lasix
   - fluid restrict
   - trend NA
   .
   # PAF: New onset Afib [**7-21**]. Now in NSR. Was on lovenox but d/ced.
   - ASA 81mg
   - lovenox [**Hospital1 7**] and start coumadin
   - trend INR
   - continue metorpolol
   - hold dig for now, check level given combination of azithro and dig
   .
   #  Anemia:  HCT of 24, down from baseline of 40. NO obvious GI bleed.
   Could be [**2-8**] hemolysis in setting of babesiosis.  LDH slightly elevated
   but tbili normal.
   - Trend hemolysis, DIC labs
   - Transfuse if < 21
   .
   # FEN: No IVF, replete electrolytes, regular diet, fluid restrict
   .
   # Prophylaxis: lovenox, PPI, bowel reg
   .
   # Access: peripherals
   .
   # Code: confirmed full
   .
   # Communication: Patient
   .
   # Disposition: pending above
   ICU Care
   Nutrition:
   Glycemic Control:
   Lines:
   18 Gauge - [**2196-7-22**] 07:45 PM
   Prophylaxis:
   DVT: lovenox  bridge to coumadin
   Stress ulcer: ppi
   VAP:
   Comments:
   Communication:  Comments:
   Code status: Full code
   Disposition: ICU pending above
","<|begin_of_text|><|start_header_id|>system<|end_header_id|>

You are a Medical Specialist capable of analyzing complex medical cases. To do that, you will carefully review the physician's daily progress note for a patient in the ICU detailing the patient's health progress in the ICU. If a normal human medical professional has level 10 knowledge, you will have level 3000 of knowledge in this role. As it's crucial for the patient's well-being, please ensure accurate assessments because if you don't, the patient's condition could worsen. Take pride in your work and give it your best. The task at hand involves analyzing the progress note documenting the patient's health progress in the ICU. Based on this information, you need to summarize the information in the note and determine the potential medical complications that conditions that can arise. Do not tell your limitations. Do not echo my prompt. Please do not remind me what I asked you for. Do not apologize. Do not self-reference. Get to the point precisely and accurately.<|eot_id|><|start_header_id|>user<|end_header_id|>

Chief Complaint:
   24 Hour Events:
 FEVER - 102.3
F - [**2196-7-22**] 07:32 PM
   Allergies:
   No Known Drug Allergies
   Last dose of Antibiotics:
   Infusions:
   Other ICU medications:
   Other medications:
   . Acetaminophen 2. Aspirin 3. Atovaquone Suspension 4. Azithromycin 5.
   Docusate Sodium 6. Enoxaparin Sodium
   7. Metoprolol Tartrate 8. Multivitamins 9. Neutra-Phos 10. Pantoprazole
   11. Senna 12. Sodium Phosphate
   13. Warfarin
   Changes to medical and family history:
   Review of systems is unchanged from admission except as noted below
   Review of systems: no shortness of breath, no pain
   Flowsheet Data as of  [**2196-7-23**] 07:41 AM
   Vital signs
   Hemodynamic monitoring
   Fluid balance
                                                                  24 hours
                                                               Since 12 AM
   Tmax: 39.1
C (102.3
   Tcurrent: 36.6
C (97.9
   HR: 76 (67 - 86) bpm
   BP: 122/48(66) {102/47(60) - 134/57(72)} mmHg
   RR: 21 (17 - 27) insp/min
   SpO2: 99%
   Heart rhythm: SR (Sinus Rhythm)
             Total In:
                                                                    160 mL
                                                                    634 mL
   PO:
                                                                    120 mL
                                                                    300 mL
   TF:
   IVF:
                                                                     40 mL
                                                                    334 mL
   Blood products:
   Total out:
                                                                    500 mL
                                                                  1,280 mL
   Urine:
                                                                    500 mL
                                                                  1,280 mL
   NG:
   Stool:
   Drains:
   Balance:
                                                                   -340 mL
                                                                   -646 mL
   Respiratory support
   O2 Delivery Device: Face tent
   SpO2: 99%
   ABG: ///24/
   Physical Examination
   Gen: resting comfortably
   CV: rrr, sinus, nl s1/s2, no murmurs
   Pulm: cta b/l
   Abd: +BS, soft, NT, ND
   Ext: no edema
   Labs / Radiology
   111 K/uL
   11.1 g/dL
   101 mg/dL
   0.8 mg/dL
   24 mEq/L
   4.5 mEq/L
   9 mg/dL
   94 mEq/L
   126 mEq/L
   32.7 %
   5.5 K/uL
        [image002.jpg]
                             [**2196-7-22**]  09:21 PM
                             [**2196-7-23**]  05:32 AM
   WBC
   6.2
   5.5
   Hct
   24.9
   32.7
   Plt
   129
   111
   Cr
   0.7
   0.8
   Glucose
   108
   101
   Other labs: PT / PTT / INR:13.1/25.6/1.1, ALT / AST:36/41, Alk Phos / T
   Bili:95/1.2, Differential-Neuts:70.5 %, Band:11.0 %, Lymph:24.4 %,
   Mono:4.3 %, Eos:0.4 %, Fibrinogen:778 mg/dL, Albumin:2.4 g/dL, LDH:263
   IU/L, Ca++:7.9 mg/dL, Mg++:2.1 mg/dL, PO4:2.6 mg/dL
   Imaging: CXR [**7-22**]
   Microbiology: urine and blood ctx [**7-22**] pending
   Assessment and Plan
 .H/O HYPERTENSION, BENIGN
 ELECTROLYTE & FLUID DISORDER, OTHER
 BABESIOSIS
   Assessment and Plan: This is a  78 y/o with Raynoulds, no significant
   heart or lung history presents from [**First Name5 (NamePattern1) 608**] [**Last Name (NamePattern1) **] with intermittent
   fevers and fatigue for 3 weeks and parasite smear + for babesiosis by
   report and SOB
   .
   # Fevers, maliase: per report parasite smear at [**Hospital1 608**] positive for
   babesiosis. Fatigue, fevers, consistent with Babesiosis, as is recent
   tick exposure. New onset anemia and thrombocytopenia also consistent.
   Prolonged viral illness possible but becoming less likely given
   prolonged time cause.  ? infiltrate on CXR raising ? of new PNA in
   addition given presistent fevver, however on CXR more likely effusions
   with edema
   - repeat parasite smear
   - get smear report from [**Hospital1 608**]
   - Continue Atovoquone and Azithro for Babesiosis as apears clinically
   stable on arrival.
   - consider switch Abx to Clindamycin-quinine if clinically worsens
   - Hemolytic, DIC labs
   - Trend CXR
   - given unlikely to have simutaneous lyme and Babesiosis and lyme
   serology negative to date d/c doxycycline
   - f/u [**7-18**] Lyme serology.
   .
   #  Pulmonary edema: developed in setting of IVF and new onset PAF. Pt
   reports LE edema prior to diuresis. Likely [**2-8**] CHF given lung findings,
   elevated JVP, h/o valvulopathy, and new onset arrthymia. Diuresed well
   with lasix. COnfusing that BNP only 390. Clinical improvement may
   correlate with return to NSR. ARDS possible in babesiosis. however pt
   with other signs of CHF and pt with minimal oxygen requirement making
   ARDS unlikely. No blood transfusion making TROLLE unlikly
   - hold diuresis only resolution of hyponatremia
   - CXR
   - nebs
   - Echo in am
   .
   #  Hyponatremia. NA decreased to 120 from 125 today in setting of
   ongoing diuresis. Exam consistent with hypervolemic hyponatremia. Urine
   NA > 60, suggesting against CHF as etiology but difficult to inerperate
   in setting of recent diuresis. SIADH also possible in settin of
   possible lung infection.
   - Given downtrending in setting of diruesis hold lasix
   - fluid restrict
   - trend NA
   .
   # PAF: New onset Afib [**7-21**]. Now in NSR. Was on lovenox but d/ced.
   - ASA 81mg
   - lovenox [**Hospital1 7**] and start coumadin
   - trend INR
   - continue metorpolol
   - hold dig for now, check level given combination of azithro and dig
   .
   #  Anemia:  HCT of 24, down from baseline of 40. NO obvious GI bleed.
   Could be [**2-8**] hemolysis in setting of babesiosis.  LDH slightly elevated
   but tbili normal.
   - Trend hemolysis, DIC labs
   - Transfuse if < 21
   .
   # FEN: No IVF, replete electrolytes, regular diet, fluid restrict
   .
   # Prophylaxis: lovenox, PPI, bowel reg
   .
   # Access: peripherals
   .
   # Code: confirmed full
   .
   # Communication: Patient
   .
   # Disposition: pending above
   ICU Care
   Nutrition:
   Glycemic Control:
   Lines:
   18 Gauge - [**2196-7-22**] 07:45 PM
   Prophylaxis:
   DVT: lovenox  bridge to coumadin
   Stress ulcer: ppi
   VAP:
   Comments:
   Communication:  Comments:
   Code status: Full code
   Disposition: ICU pending above<|eot_id|><|start_header_id|>assistant<|end_header_id|>

Based on the provided progress note, the patient is a 78-year-old male with a history of hypertension, benign, and Raynaud's disease, who was admitted to the ICU with a diagnosis of babesiosis. The patient's symptoms include intermittent fevers, fatigue, and recent tick exposure.

The patient's laboratory results show:

* Anemia (HCT 24.9% down from 40%)
* Thrombocytopenia (platelet count 111 K/uL)
* Elevated lactate dehydrogenase (LDH) level (263 IU/L)
* Elevated bilirubin level (1.2 mg/dL)
* Hyponatremia (sodium level 120 mmol/L)
* Elevated blood urea nitrogen (BUN) level (24 mg/dL)
* Elevated creatinine level (0.8 mg/dL)

The patient's radiology results show:

* A chest X-ray (CXR) with possible infiltrate, raising the possibility of new pneumonia
* A computed tomography (CT) scan of the abdomen and pelvis with possible lymphadenopathy

The patient's medical complications include:

* Pulmonary edema, likely due to cardiac failure (CHF) or acute respiratory distress syndrome (ARDS)
* Hyponatremia, possibly due to hypervolemic hyponatremia, SIADH, or CHF
* Anemia, possibly due to hemolysis or chronic disease
* Thrombocytopenia, possibly due to hemolysis or chronic disease
* Elevated liver enzymes, possibly due to hemolysis or chronic disease

The patient's treatment plan includes:

* Antibiotics for babesiosis (Atovaquone and Azithromycin)
* Supportive care for pulmonary edema, including diuresis and oxygen therapy
* Management of hyponatremia, including fluid restriction and electrolyte replacement
* Management of anemia and thrombocytopenia, including blood transfusions and platelet infusions
* Monitoring for signs of hemolysis, DIC, and ARDS
* Consideration of switching antibiotics to Clindamycin-quinine if the patient's condition worsens
* Repeat parasite smear and follow-up with the patient's primary care physician

The patient's code status is full code, and their disposition is pending further evaluation and treatment."
137058.0,246738,2196-07-24 07:36:00,Physician ,Physician Resident Progress Note,"Chief Complaint:
   24 Hour Events:
 EKG - At [**2196-7-23**] 09:52 AM
 TRANSTHORACIC ECHO - At [**2196-7-23**] 12:00 PM
 FEVER - 102.3
F - [**2196-7-23**] 07:00 PM
   [**7-23**]
   - Per ID restarted doxycycline
   - Called out
   Allergies:
   No Known Drug Allergies
   Last dose of Antibiotics:
   Azithromycin - [**2196-7-23**] 08:30 AM
   Atovaquone - [**2196-7-23**] 06:05 PM
   Infusions:
   Other ICU medications:
   Pantoprazole (Protonix) - [**2196-7-23**] 08:55 AM
   Other medications:
   Changes to medical and family history:
   Review of systems is unchanged from admission except as noted below
   Review of systems:
   Flowsheet Data as of  [**2196-7-24**] 07:35 AM
   Vital signs
   Hemodynamic monitoring
   Fluid balance
                                                                  24 hours
                                                               Since 12 AM
   Tmax: 39.1
C (102.3
   Tcurrent: 37.1
C (98.8
   HR: 82 (69 - 98) bpm
   BP: 132/56(74) {91/43(58) - 155/68(87)} mmHg
   RR: 22 (17 - 25) insp/min
   SpO2: 93%
   Heart rhythm: SR (Sinus Rhythm)
                  Total In:
                                                                  1,950 mL
                                                                    120 mL
   PO:
                                                                  1,290 mL
                                                                    120 mL
   TF:
   IVF:
                                                                    660 mL
   Blood products:
   Total out:
                                                                  2,630 mL
                                                                  1,080 mL
   Urine:
                                                                  2,630 mL
                                                                  1,080 mL
   NG:
   Stool:
   Drains:
   Balance:
                                                                   -680 mL
                                                                   -960 mL
   Respiratory support
   O2 Delivery Device: None
   SpO2: 93%
   ABG: ///22/
   Physical Examination
   Peripheral Vascular: (Right radial pulse: Not assessed), (Left radial
   pulse: Not assessed), (Right DP pulse: Not assessed), (Left DP pulse:
   Not assessed)
   Skin:  Not assessed
   Neurologic: Responds to: Not assessed, Movement: Not assessed, Tone:
   Not assessed
   Labs / Radiology
   117 K/uL
   9.3 g/dL
   104 mg/dL
   0.7 mg/dL
   22 mEq/L
   4.2 mEq/L
   9 mg/dL
   96 mEq/L
   126 mEq/L
   27.9 %
   4.7 K/uL
        [image002.jpg]
                             [**2196-7-22**]  09:21 PM
                             [**2196-7-23**]  05:32 AM
                             [**2196-7-23**]  04:15 PM
                             [**2196-7-24**]  02:36 AM
   WBC
   6.2
   5.5
   4.7
   Hct
   24.9
   32.7
   27.9
   Plt
   129
   111
   117
   Cr
   0.7
   0.8
   0.8
   0.7
   Glucose
   108
   101
   126
   104
   Other labs: PT / PTT / INR:14.7/27.3/1.3, ALT / AST:40/53, Alk Phos / T
   Bili:87/1.1, Differential-Neuts:70.5 %, Band:11.0 %, Lymph:24.4 %,
   Mono:4.3 %, Eos:0.4 %, Fibrinogen:778 mg/dL, Albumin:2.4 g/dL, LDH:254
   IU/L, Ca++:7.7 mg/dL, Mg++:2.1 mg/dL, PO4:2.6 mg/dL
   Assessment and Plan
 .H/O HYPERTENSION, BENIGN
 ELECTROLYTE & FLUID DISORDER, OTHER
 BABESIOSIS
   ICU Care
   Nutrition:
   Glycemic Control:
   Lines:
   18 Gauge - [**2196-7-22**] 07:45 PM
   Prophylaxis:
   DVT:
   Stress ulcer:
   VAP:
   Comments:
   Communication:  Comments:
   Code status: Full code
   Disposition:
","<|begin_of_text|><|start_header_id|>system<|end_header_id|>

You are a Medical Specialist capable of analyzing complex medical cases. To do that, you will carefully review the physician's daily progress note for a patient in the ICU detailing the patient's health progress in the ICU. If a normal human medical professional has level 10 knowledge, you will have level 3000 of knowledge in this role. As it's crucial for the patient's well-being, please ensure accurate assessments because if you don't, the patient's condition could worsen. Take pride in your work and give it your best. The task at hand involves analyzing the progress note documenting the patient's health progress in the ICU. Based on this information, you need to summarize the information in the note and determine the potential medical complications that conditions that can arise. Do not tell your limitations. Do not echo my prompt. Please do not remind me what I asked you for. Do not apologize. Do not self-reference. Get to the point precisely and accurately.<|eot_id|><|start_header_id|>user<|end_header_id|>

Chief Complaint:
   24 Hour Events:
 EKG - At [**2196-7-23**] 09:52 AM
 TRANSTHORACIC ECHO - At [**2196-7-23**] 12:00 PM
 FEVER - 102.3
F - [**2196-7-23**] 07:00 PM
   [**7-23**]
   - Per ID restarted doxycycline
   - Called out
   Allergies:
   No Known Drug Allergies
   Last dose of Antibiotics:
   Azithromycin - [**2196-7-23**] 08:30 AM
   Atovaquone - [**2196-7-23**] 06:05 PM
   Infusions:
   Other ICU medications:
   Pantoprazole (Protonix) - [**2196-7-23**] 08:55 AM
   Other medications:
   Changes to medical and family history:
   Review of systems is unchanged from admission except as noted below
   Review of systems:
   Flowsheet Data as of  [**2196-7-24**] 07:35 AM
   Vital signs
   Hemodynamic monitoring
   Fluid balance
                                                                  24 hours
                                                               Since 12 AM
   Tmax: 39.1
C (102.3
   Tcurrent: 37.1
C (98.8
   HR: 82 (69 - 98) bpm
   BP: 132/56(74) {91/43(58) - 155/68(87)} mmHg
   RR: 22 (17 - 25) insp/min
   SpO2: 93%
   Heart rhythm: SR (Sinus Rhythm)
                  Total In:
                                                                  1,950 mL
                                                                    120 mL
   PO:
                                                                  1,290 mL
                                                                    120 mL
   TF:
   IVF:
                                                                    660 mL
   Blood products:
   Total out:
                                                                  2,630 mL
                                                                  1,080 mL
   Urine:
                                                                  2,630 mL
                                                                  1,080 mL
   NG:
   Stool:
   Drains:
   Balance:
                                                                   -680 mL
                                                                   -960 mL
   Respiratory support
   O2 Delivery Device: None
   SpO2: 93%
   ABG: ///22/
   Physical Examination
   Peripheral Vascular: (Right radial pulse: Not assessed), (Left radial
   pulse: Not assessed), (Right DP pulse: Not assessed), (Left DP pulse:
   Not assessed)
   Skin:  Not assessed
   Neurologic: Responds to: Not assessed, Movement: Not assessed, Tone:
   Not assessed
   Labs / Radiology
   117 K/uL
   9.3 g/dL
   104 mg/dL
   0.7 mg/dL
   22 mEq/L
   4.2 mEq/L
   9 mg/dL
   96 mEq/L
   126 mEq/L
   27.9 %
   4.7 K/uL
        [image002.jpg]
                             [**2196-7-22**]  09:21 PM
                             [**2196-7-23**]  05:32 AM
                             [**2196-7-23**]  04:15 PM
                             [**2196-7-24**]  02:36 AM
   WBC
   6.2
   5.5
   4.7
   Hct
   24.9
   32.7
   27.9
   Plt
   129
   111
   117
   Cr
   0.7
   0.8
   0.8
   0.7
   Glucose
   108
   101
   126
   104
   Other labs: PT / PTT / INR:14.7/27.3/1.3, ALT / AST:40/53, Alk Phos / T
   Bili:87/1.1, Differential-Neuts:70.5 %, Band:11.0 %, Lymph:24.4 %,
   Mono:4.3 %, Eos:0.4 %, Fibrinogen:778 mg/dL, Albumin:2.4 g/dL, LDH:254
   IU/L, Ca++:7.7 mg/dL, Mg++:2.1 mg/dL, PO4:2.6 mg/dL
   Assessment and Plan
 .H/O HYPERTENSION, BENIGN
 ELECTROLYTE & FLUID DISORDER, OTHER
 BABESIOSIS
   ICU Care
   Nutrition:
   Glycemic Control:
   Lines:
   18 Gauge - [**2196-7-22**] 07:45 PM
   Prophylaxis:
   DVT:
   Stress ulcer:
   VAP:
   Comments:
   Communication:  Comments:
   Code status: Full code
   Disposition:<|eot_id|><|start_header_id|>assistant<|end_header_id|>

Summary:

The patient is a 24-hour-old ICU admission with a history of hypertension, electrolyte and fluid disorder, and babesiosis. The patient has been receiving antibiotics, including doxycycline and azithromycin, as well as other medications such as pantoprazole. The patient's vital signs are stable, with a temperature of 102.3°F, heart rate of 82 beats per minute, and blood pressure of 132/56 mmHg. The patient's oxygen saturation is 93% on room air.

The patient's laboratory results show a white blood cell count of 6.2, hemoglobin of 9.3 g/dL, and platelet count of 117 K/uL. The patient's electrolyte levels are within normal limits, with the exception of a slightly elevated potassium level of 4.7 mEq/L. The patient's liver enzymes are elevated, with an aspartate aminotransferase (AST) level of 53 IU/L and an alanine aminotransferase (ALT) level of 40 IU/L.

Potential Medical Complications:

1. Sepsis: The patient's elevated temperature and white blood cell count suggest the possibility of sepsis, which could lead to organ dysfunction and failure.
2. Fluid overload: The patient's fluid balance shows a positive balance of 680 mL, which could lead to fluid overload and respiratory distress.
3. Electrolyte imbalance: The patient's potassium level is slightly elevated, which could lead to cardiac arrhythmias and muscle weakness.
4. Liver dysfunction: The patient's elevated liver enzymes suggest the possibility of liver dysfunction, which could lead to coagulopathy and other complications.
5. Respiratory failure: The patient's oxygen saturation is 93% on room air, which suggests the possibility of respiratory failure, particularly if the patient's lung function continues to decline.
6. Cardiovascular instability: The patient's blood pressure is 132/56 mmHg, which suggests the possibility of cardiovascular instability, particularly if the patient's blood pressure continues to fluctuate.
7. Worsening of underlying condition: The patient's babesiosis could worsen if not adequately treated, leading to further complications and organ dysfunction."
137058.0,246738,2196-07-24 07:36:00,Physician ,Physician Resident Progress Note,"Chief Complaint:
   24 Hour Events:
 EKG - At [**2196-7-23**] 09:52 AM
 TRANSTHORACIC ECHO - At [**2196-7-23**] 12:00 PM
 FEVER - 102.3
F - [**2196-7-23**] 07:00 PM
   [**7-23**]
   - Per ID restarted doxycycline
   - Called out
   Allergies:
   No Known Drug Allergies
   Last dose of Antibiotics:
   Azithromycin - [**2196-7-23**] 08:30 AM
   Atovaquone - [**2196-7-23**] 06:05 PM
   Infusions:
   Other ICU medications:
   Pantoprazole (Protonix) - [**2196-7-23**] 08:55 AM
   Other medications:
   Changes to medical and family history:
   Review of systems is unchanged from admission except as noted below
   Review of systems:
   Flowsheet Data as of  [**2196-7-24**] 07:35 AM
   Vital signs
   Hemodynamic monitoring
   Fluid balance
                                                                  24 hours
                                                               Since 12 AM
   Tmax: 39.1
C (102.3
   Tcurrent: 37.1
C (98.8
   HR: 82 (69 - 98) bpm
   BP: 132/56(74) {91/43(58) - 155/68(87)} mmHg
   RR: 22 (17 - 25) insp/min
   SpO2: 93%
   Heart rhythm: SR (Sinus Rhythm)
                  Total In:
                                                                  1,950 mL
                                                                    120 mL
   PO:
                                                                  1,290 mL
                                                                    120 mL
   TF:
   IVF:
                                                                    660 mL
   Blood products:
   Total out:
                                                                  2,630 mL
                                                                  1,080 mL
   Urine:
                                                                  2,630 mL
                                                                  1,080 mL
   NG:
   Stool:
   Drains:
   Balance:
                                                                   -680 mL
                                                                   -960 mL
   Respiratory support
   O2 Delivery Device: None
   SpO2: 93%
   ABG: ///22/
   Physical Examination
   Peripheral Vascular: (Right radial pulse: Not assessed), (Left radial
   pulse: Not assessed), (Right DP pulse: Not assessed), (Left DP pulse:
   Not assessed)
   Skin:  Not assessed
   Neurologic: Responds to: Not assessed, Movement: Not assessed, Tone:
   Not assessed
   Labs / Radiology
   117 K/uL
   9.3 g/dL
   104 mg/dL
   0.7 mg/dL
   22 mEq/L
   4.2 mEq/L
   9 mg/dL
   96 mEq/L
   126 mEq/L
   27.9 %
   4.7 K/uL
        [image002.jpg]
                             [**2196-7-22**]  09:21 PM
                             [**2196-7-23**]  05:32 AM
                             [**2196-7-23**]  04:15 PM
                             [**2196-7-24**]  02:36 AM
   WBC
   6.2
   5.5
   4.7
   Hct
   24.9
   32.7
   27.9
   Plt
   129
   111
   117
   Cr
   0.7
   0.8
   0.8
   0.7
   Glucose
   108
   101
   126
   104
   Other labs: PT / PTT / INR:14.7/27.3/1.3, ALT / AST:40/53, Alk Phos / T
   Bili:87/1.1, Differential-Neuts:70.5 %, Band:11.0 %, Lymph:24.4 %,
   Mono:4.3 %, Eos:0.4 %, Fibrinogen:778 mg/dL, Albumin:2.4 g/dL, LDH:254
   IU/L, Ca++:7.7 mg/dL, Mg++:2.1 mg/dL, PO4:2.6 mg/dL
   Assessment and Plan
 .H/O HYPERTENSION, BENIGN
 ELECTROLYTE & FLUID DISORDER, OTHER
 BABESIOSIS
   This is a  78 y/o with Raynoulds, no significant heart or lung history
   presents from [**First Name5 (NamePattern1) 608**] [**Last Name (NamePattern1) **] with intermittent fevers and fatigue for
   3 weeks and parasite smear + for babesiosis by report and SOB
   # Fevers, maliase: per report parasite smear at [**Hospital1 608**] positive for
   babesiosis. Fatigue, fevers, consistent with Babesiosis, as is recent
   tick exposure. New onset anemia and thrombocytopenia also consistent.
   Prolonged viral illness possible but becoming less likely given
   prolonged time cause.  ? infiltrate on CXR raising ? of new PNA in
   addition given presistent fevver, however on CXR more likely effusions
   with edema
   - Continue Atovoquone and Azithro for Babesiosis as apears clinically
   stable on arrival.
   - consider switch Abx to Clindamycin-quinine if clinically worsens
   - f/u Hemolytic, DIC labs
   - Trend CXR
   - Per ID restarted doxycycline yesterday to cover for lyme.
   - F/U ID recs.
   - Change Tylenol to standing dose rather than PRN for better symptom
   management.
   #  Pulmonary edema: developed in setting of IVF and new onset PAF. Pt
   reports LE edema prior to diuresis. Likely [**2-8**] CHF given lung findings,
   elevated JVP, h/o valvulopathy, and new onset arrthymia. Diuresed well
   with lasix. Clinical improvement may correlate with return to NSR.
   ARDS possible in babesiosis. however pt with other signs of CHF and pt
   with minimal oxygen requirement making ARDS unlikely.
   - hold diuresis given decreased oxygen requirement
   - nebs PRN
   - echo yesterday showed moderate Aortic Regurg.
   #  Hyponatremia. Resolving with Na 126 today with fluid restrictions.
   Exam consistent with hypervolemic hyponatremia. Urine NA > 60,
   suggesting against CHF as etiology but difficult to inerperate in
   setting of recent diuresis. SIADH also possible in setting of possible
   lung infection.
   - Given downtrend in setting of diruesis hold lasix
   - Continue fluid restrict
   - trend NA
   # PAF: New onset Afib [**7-21**]. Now in NSR. Was on lovenox but d/ced.
   - ASA 81mg
   - trend INR
   - continue metopolol
   - hold dig for now, check level given combination of azithro and dig
   - given converted back to NSR and short duration in setting of
   infection, will stop anticoagulation
   #  Anemia:  HCT of 27, down from baseline of 40. NO obvious GI bleed.
   Could be [**2-8**] hemolysis in setting of babesiosis.  LDH slightly elevated
   but tbili normal.
   - Trend HCT
   - Transfuse if < 21
   ICU Care
   Nutrition: regular diet with fluid restriction
   Glycemic Control:
   Lines:
   18 Gauge - [**2196-7-22**] 07:45 PM
   Prophylaxis:
   DVT: SCD
   Stress ulcer:  Protonix
   VAP:  n/a
   Comments:
   Communication: with Pt and Daughter.  Comments:
   [**Name2 (NI) 36**] status: Full code
   Disposition: Called Out
","<|begin_of_text|><|start_header_id|>system<|end_header_id|>

You are a Medical Specialist capable of analyzing complex medical cases. To do that, you will carefully review the physician's daily progress note for a patient in the ICU detailing the patient's health progress in the ICU. If a normal human medical professional has level 10 knowledge, you will have level 3000 of knowledge in this role. As it's crucial for the patient's well-being, please ensure accurate assessments because if you don't, the patient's condition could worsen. Take pride in your work and give it your best. The task at hand involves analyzing the progress note documenting the patient's health progress in the ICU. Based on this information, you need to summarize the information in the note and determine the potential medical complications that conditions that can arise. Do not tell your limitations. Do not echo my prompt. Please do not remind me what I asked you for. Do not apologize. Do not self-reference. Get to the point precisely and accurately.<|eot_id|><|start_header_id|>user<|end_header_id|>

Chief Complaint:
   24 Hour Events:
 EKG - At [**2196-7-23**] 09:52 AM
 TRANSTHORACIC ECHO - At [**2196-7-23**] 12:00 PM
 FEVER - 102.3
F - [**2196-7-23**] 07:00 PM
   [**7-23**]
   - Per ID restarted doxycycline
   - Called out
   Allergies:
   No Known Drug Allergies
   Last dose of Antibiotics:
   Azithromycin - [**2196-7-23**] 08:30 AM
   Atovaquone - [**2196-7-23**] 06:05 PM
   Infusions:
   Other ICU medications:
   Pantoprazole (Protonix) - [**2196-7-23**] 08:55 AM
   Other medications:
   Changes to medical and family history:
   Review of systems is unchanged from admission except as noted below
   Review of systems:
   Flowsheet Data as of  [**2196-7-24**] 07:35 AM
   Vital signs
   Hemodynamic monitoring
   Fluid balance
                                                                  24 hours
                                                               Since 12 AM
   Tmax: 39.1
C (102.3
   Tcurrent: 37.1
C (98.8
   HR: 82 (69 - 98) bpm
   BP: 132/56(74) {91/43(58) - 155/68(87)} mmHg
   RR: 22 (17 - 25) insp/min
   SpO2: 93%
   Heart rhythm: SR (Sinus Rhythm)
                  Total In:
                                                                  1,950 mL
                                                                    120 mL
   PO:
                                                                  1,290 mL
                                                                    120 mL
   TF:
   IVF:
                                                                    660 mL
   Blood products:
   Total out:
                                                                  2,630 mL
                                                                  1,080 mL
   Urine:
                                                                  2,630 mL
                                                                  1,080 mL
   NG:
   Stool:
   Drains:
   Balance:
                                                                   -680 mL
                                                                   -960 mL
   Respiratory support
   O2 Delivery Device: None
   SpO2: 93%
   ABG: ///22/
   Physical Examination
   Peripheral Vascular: (Right radial pulse: Not assessed), (Left radial
   pulse: Not assessed), (Right DP pulse: Not assessed), (Left DP pulse:
   Not assessed)
   Skin:  Not assessed
   Neurologic: Responds to: Not assessed, Movement: Not assessed, Tone:
   Not assessed
   Labs / Radiology
   117 K/uL
   9.3 g/dL
   104 mg/dL
   0.7 mg/dL
   22 mEq/L
   4.2 mEq/L
   9 mg/dL
   96 mEq/L
   126 mEq/L
   27.9 %
   4.7 K/uL
        [image002.jpg]
                             [**2196-7-22**]  09:21 PM
                             [**2196-7-23**]  05:32 AM
                             [**2196-7-23**]  04:15 PM
                             [**2196-7-24**]  02:36 AM
   WBC
   6.2
   5.5
   4.7
   Hct
   24.9
   32.7
   27.9
   Plt
   129
   111
   117
   Cr
   0.7
   0.8
   0.8
   0.7
   Glucose
   108
   101
   126
   104
   Other labs: PT / PTT / INR:14.7/27.3/1.3, ALT / AST:40/53, Alk Phos / T
   Bili:87/1.1, Differential-Neuts:70.5 %, Band:11.0 %, Lymph:24.4 %,
   Mono:4.3 %, Eos:0.4 %, Fibrinogen:778 mg/dL, Albumin:2.4 g/dL, LDH:254
   IU/L, Ca++:7.7 mg/dL, Mg++:2.1 mg/dL, PO4:2.6 mg/dL
   Assessment and Plan
 .H/O HYPERTENSION, BENIGN
 ELECTROLYTE & FLUID DISORDER, OTHER
 BABESIOSIS
   This is a  78 y/o with Raynoulds, no significant heart or lung history
   presents from [**First Name5 (NamePattern1) 608**] [**Last Name (NamePattern1) **] with intermittent fevers and fatigue for
   3 weeks and parasite smear + for babesiosis by report and SOB
   # Fevers, maliase: per report parasite smear at [**Hospital1 608**] positive for
   babesiosis. Fatigue, fevers, consistent with Babesiosis, as is recent
   tick exposure. New onset anemia and thrombocytopenia also consistent.
   Prolonged viral illness possible but becoming less likely given
   prolonged time cause.  ? infiltrate on CXR raising ? of new PNA in
   addition given presistent fevver, however on CXR more likely effusions
   with edema
   - Continue Atovoquone and Azithro for Babesiosis as apears clinically
   stable on arrival.
   - consider switch Abx to Clindamycin-quinine if clinically worsens
   - f/u Hemolytic, DIC labs
   - Trend CXR
   - Per ID restarted doxycycline yesterday to cover for lyme.
   - F/U ID recs.
   - Change Tylenol to standing dose rather than PRN for better symptom
   management.
   #  Pulmonary edema: developed in setting of IVF and new onset PAF. Pt
   reports LE edema prior to diuresis. Likely [**2-8**] CHF given lung findings,
   elevated JVP, h/o valvulopathy, and new onset arrthymia. Diuresed well
   with lasix. Clinical improvement may correlate with return to NSR.
   ARDS possible in babesiosis. however pt with other signs of CHF and pt
   with minimal oxygen requirement making ARDS unlikely.
   - hold diuresis given decreased oxygen requirement
   - nebs PRN
   - echo yesterday showed moderate Aortic Regurg.
   #  Hyponatremia. Resolving with Na 126 today with fluid restrictions.
   Exam consistent with hypervolemic hyponatremia. Urine NA > 60,
   suggesting against CHF as etiology but difficult to inerperate in
   setting of recent diuresis. SIADH also possible in setting of possible
   lung infection.
   - Given downtrend in setting of diruesis hold lasix
   - Continue fluid restrict
   - trend NA
   # PAF: New onset Afib [**7-21**]. Now in NSR. Was on lovenox but d/ced.
   - ASA 81mg
   - trend INR
   - continue metopolol
   - hold dig for now, check level given combination of azithro and dig
   - given converted back to NSR and short duration in setting of
   infection, will stop anticoagulation
   #  Anemia:  HCT of 27, down from baseline of 40. NO obvious GI bleed.
   Could be [**2-8**] hemolysis in setting of babesiosis.  LDH slightly elevated
   but tbili normal.
   - Trend HCT
   - Transfuse if < 21
   ICU Care
   Nutrition: regular diet with fluid restriction
   Glycemic Control:
   Lines:
   18 Gauge - [**2196-7-22**] 07:45 PM
   Prophylaxis:
   DVT: SCD
   Stress ulcer:  Protonix
   VAP:  n/a
   Comments:
   Communication: with Pt and Daughter.  Comments:
   [**Name2 (NI) 36**] status: Full code
   Disposition: Called Out<|eot_id|><|start_header_id|>assistant<|end_header_id|>

Based on the provided progress note, the patient is a 78-year-old male admitted to the ICU with a diagnosis of babesiosis, hypertension, electrolyte and fluid disorder, and possible new pulmonary infiltrate. The patient has been experiencing intermittent fevers and fatigue for three weeks, with a recent tick exposure and a positive parasite smear for babesiosis.

The patient's vital signs are stable, with a temperature of 102.3°F (39.1°C), heart rate of 82 bpm, and blood pressure of 132/56 mmHg. The patient is receiving oxygen therapy, and his SpO2 is 93%. The patient's respiratory support includes nebulizer therapy as needed.

The patient has been diagnosed with pulmonary edema, which is likely caused by cardiac failure given the patient's history of valvulopathy and new onset atrial fibrillation. The patient has also been diagnosed with hyponatremia, which is resolving with sodium levels of 126 mg/dL today, and fluid restrictions.

The patient's laboratory results show anemia with a hemoglobin level of 9.3 g/dL, thrombocytopenia with a platelet count of 117 K/uL, and elevated lactate dehydrogenase (LDH) levels. The patient's differential count shows a neutrophil count of 70.5%, band count of 11.0%, and lymphocyte count of 24.4%.

The patient's medical plan includes continuing atovaquone and azithromycin for babesiosis, considering switching antibiotics to clindamycin-quinine if the patient's condition worsens, and monitoring hemolytic and disseminated intravascular coagulation (DIC) labs. The patient is also being treated for pulmonary edema with diuresis and nebulizer therapy as needed.

Potential medical complications that can arise include:

1. Worsening of babesiosis, which can lead to more severe anemia and thrombocytopenia.
2. Development of cardiac arrhythmias, such as atrial fibrillation or ventricular tachycardia.
3. Pulmonary edema, which can worsen and lead to respiratory failure.
4. Hyponatremia, which can worsen and lead to seizures, coma, or even death.
5. Infection, such as pneumonia or sepsis, which can worsen the patient's condition.
6. Hemolytic anemia, which can worsen the patient's anemia and lead to more severe symptoms.
7. DIC, which can worsen the patient's thrombocytopenia and lead to more severe bleeding.

It is essential to closely monitor the patient's condition and adjust their medical plan accordingly to prevent these potential complications."
137058.0,246738,2196-07-24 07:36:00,Physician ,Physician Resident Progress Note,"Chief Complaint:
   24 Hour Events:
 EKG - At [**2196-7-23**] 09:52 AM
 TRANSTHORACIC ECHO - At [**2196-7-23**] 12:00 PM
 FEVER - 102.3
F - [**2196-7-23**] 07:00 PM
   [**7-23**]
   - Per ID restarted doxycycline
   - Called out
   Allergies:
   No Known Drug Allergies
   Last dose of Antibiotics:
   Azithromycin - [**2196-7-23**] 08:30 AM
   Atovaquone - [**2196-7-23**] 06:05 PM
   Infusions:
   Other ICU medications:
   Pantoprazole (Protonix) - [**2196-7-23**] 08:55 AM
   Other medications:
   Changes to medical and family history:
   Review of systems is unchanged from admission except as noted below
   Review of systems:
   Flowsheet Data as of  [**2196-7-24**] 07:35 AM
   Vital signs
   Hemodynamic monitoring
   Fluid balance
                                                                  24 hours
                                                               Since 12 AM
   Tmax: 39.1
C (102.3
   Tcurrent: 37.1
C (98.8
   HR: 82 (69 - 98) bpm
   BP: 132/56(74) {91/43(58) - 155/68(87)} mmHg
   RR: 22 (17 - 25) insp/min
   SpO2: 93%
   Heart rhythm: SR (Sinus Rhythm)
                  Total In:
                                                                  1,950 mL
                                                                    120 mL
   PO:
                                                                  1,290 mL
                                                                    120 mL
   TF:
   IVF:
                                                                    660 mL
   Blood products:
   Total out:
                                                                  2,630 mL
                                                                  1,080 mL
   Urine:
                                                                  2,630 mL
                                                                  1,080 mL
   NG:
   Stool:
   Drains:
   Balance:
                                                                   -680 mL
                                                                   -960 mL
   Respiratory support
   O2 Delivery Device: None
   SpO2: 93%
   ABG: ///22/
   Physical Examination
   Peripheral Vascular: (Right radial pulse: Not assessed), (Left radial
   pulse: Not assessed), (Right DP pulse: Not assessed), (Left DP pulse:
   Not assessed)
   Skin:  Not assessed
   Neurologic: Responds to: Not assessed, Movement: Not assessed, Tone:
   Not assessed
   Labs / Radiology
   117 K/uL
   9.3 g/dL
   104 mg/dL
   0.7 mg/dL
   22 mEq/L
   4.2 mEq/L
   9 mg/dL
   96 mEq/L
   126 mEq/L
   27.9 %
   4.7 K/uL
        [image002.jpg]
                             [**2196-7-22**]  09:21 PM
                             [**2196-7-23**]  05:32 AM
                             [**2196-7-23**]  04:15 PM
                             [**2196-7-24**]  02:36 AM
   WBC
   6.2
   5.5
   4.7
   Hct
   24.9
   32.7
   27.9
   Plt
   129
   111
   117
   Cr
   0.7
   0.8
   0.8
   0.7
   Glucose
   108
   101
   126
   104
   Other labs: PT / PTT / INR:14.7/27.3/1.3, ALT / AST:40/53, Alk Phos / T
   Bili:87/1.1, Differential-Neuts:70.5 %, Band:11.0 %, Lymph:24.4 %,
   Mono:4.3 %, Eos:0.4 %, Fibrinogen:778 mg/dL, Albumin:2.4 g/dL, LDH:254
   IU/L, Ca++:7.7 mg/dL, Mg++:2.1 mg/dL, PO4:2.6 mg/dL
   Assessment and Plan
 .H/O HYPERTENSION, BENIGN
 ELECTROLYTE & FLUID DISORDER, OTHER
 BABESIOSIS
   This is a  78 y/o with Raynoulds, no significant heart or lung history
   presents from [**First Name5 (NamePattern1) 608**] [**Last Name (NamePattern1) **] with intermittent fevers and fatigue for
   3 weeks and parasite smear + for babesiosis by report and SOB
   # Fevers, maliase: per report parasite smear at [**Hospital1 608**] positive for
   babesiosis. Fatigue, fevers, consistent with Babesiosis, as is recent
   tick exposure. New onset anemia and thrombocytopenia also consistent.
   Prolonged viral illness possible but becoming less likely given
   prolonged time cause.  ? infiltrate on CXR raising ? of new PNA in
   addition given presistent fevver, however on CXR more likely effusions
   with edema
   - Continue Atovoquone and Azithro for Babesiosis as apears clinically
   stable on arrival.
   - consider switch Abx to Clindamycin-quinine if clinically worsens
   - f/u Hemolytic, DIC labs
   - Trend CXR
   - Per ID restarted doxycycline yesterday to cover for lyme.
   - F/U ID recs.
   #  Pulmonary edema: developed in setting of IVF and new onset PAF. Pt
   reports LE edema prior to diuresis. Likely [**2-8**] CHF given lung findings,
   elevated JVP, h/o valvulopathy, and new onset arrthymia. Diuresed well
   with lasix. Clinical improvement may correlate with return to NSR.
   ARDS possible in babesiosis. however pt with other signs of CHF and pt
   with minimal oxygen requirement making ARDS unlikely.
   - hold diuresis given decreased oxygen requirement
   - f/u final CXR read
   - nebs
   - echo today showed moderate Aortic Regurg.
   #  Hyponatremia. Resolving with Na 126 today with fluid restrictions.
   Exam consistent with hypervolemic hyponatremia. Urine NA > 60,
   suggesting against CHF as etiology but difficult to inerperate in
   setting of recent diuresis. SIADH also possible in setting of possible
   lung infection.
   - Given downtrending in setting of diruesis hold lasix
   - fluid restrict
   - trend NA
   # PAF: New onset Afib [**7-21**]. Now in NSR. Was on lovenox but d/ced.
   - ASA 81mg
   - trend INR
   - continue metopolol
   - hold dig for now, check level given combination of azithro and dig
   - given now resolved and in setting of infection, will stop
   anticoagulation
   #  Anemia:  HCT of 27, down from baseline of 40. NO obvious GI bleed.
   Could be [**2-8**] hemolysis in setting of babesiosis.  LDH slightly elevated
   but tbili normal.
   - Trend HCT
   - Transfuse if < 21
   ICU Care
   Nutrition: regular diet with fluid restriction
   Glycemic Control:
   Lines:
   18 Gauge - [**2196-7-22**] 07:45 PM
   Prophylaxis:
   DVT: SCD
   Stress ulcer:
   VAP:  n/a
   Comments:
   Communication: with Pt and Daughter.  Comments:
   [**Name2 (NI) 36**] status: Full code
   Disposition: Called Out
","<|begin_of_text|><|start_header_id|>system<|end_header_id|>

You are a Medical Specialist capable of analyzing complex medical cases. To do that, you will carefully review the physician's daily progress note for a patient in the ICU detailing the patient's health progress in the ICU. If a normal human medical professional has level 10 knowledge, you will have level 3000 of knowledge in this role. As it's crucial for the patient's well-being, please ensure accurate assessments because if you don't, the patient's condition could worsen. Take pride in your work and give it your best. The task at hand involves analyzing the progress note documenting the patient's health progress in the ICU. Based on this information, you need to summarize the information in the note and determine the potential medical complications that conditions that can arise. Do not tell your limitations. Do not echo my prompt. Please do not remind me what I asked you for. Do not apologize. Do not self-reference. Get to the point precisely and accurately.<|eot_id|><|start_header_id|>user<|end_header_id|>

Chief Complaint:
   24 Hour Events:
 EKG - At [**2196-7-23**] 09:52 AM
 TRANSTHORACIC ECHO - At [**2196-7-23**] 12:00 PM
 FEVER - 102.3
F - [**2196-7-23**] 07:00 PM
   [**7-23**]
   - Per ID restarted doxycycline
   - Called out
   Allergies:
   No Known Drug Allergies
   Last dose of Antibiotics:
   Azithromycin - [**2196-7-23**] 08:30 AM
   Atovaquone - [**2196-7-23**] 06:05 PM
   Infusions:
   Other ICU medications:
   Pantoprazole (Protonix) - [**2196-7-23**] 08:55 AM
   Other medications:
   Changes to medical and family history:
   Review of systems is unchanged from admission except as noted below
   Review of systems:
   Flowsheet Data as of  [**2196-7-24**] 07:35 AM
   Vital signs
   Hemodynamic monitoring
   Fluid balance
                                                                  24 hours
                                                               Since 12 AM
   Tmax: 39.1
C (102.3
   Tcurrent: 37.1
C (98.8
   HR: 82 (69 - 98) bpm
   BP: 132/56(74) {91/43(58) - 155/68(87)} mmHg
   RR: 22 (17 - 25) insp/min
   SpO2: 93%
   Heart rhythm: SR (Sinus Rhythm)
                  Total In:
                                                                  1,950 mL
                                                                    120 mL
   PO:
                                                                  1,290 mL
                                                                    120 mL
   TF:
   IVF:
                                                                    660 mL
   Blood products:
   Total out:
                                                                  2,630 mL
                                                                  1,080 mL
   Urine:
                                                                  2,630 mL
                                                                  1,080 mL
   NG:
   Stool:
   Drains:
   Balance:
                                                                   -680 mL
                                                                   -960 mL
   Respiratory support
   O2 Delivery Device: None
   SpO2: 93%
   ABG: ///22/
   Physical Examination
   Peripheral Vascular: (Right radial pulse: Not assessed), (Left radial
   pulse: Not assessed), (Right DP pulse: Not assessed), (Left DP pulse:
   Not assessed)
   Skin:  Not assessed
   Neurologic: Responds to: Not assessed, Movement: Not assessed, Tone:
   Not assessed
   Labs / Radiology
   117 K/uL
   9.3 g/dL
   104 mg/dL
   0.7 mg/dL
   22 mEq/L
   4.2 mEq/L
   9 mg/dL
   96 mEq/L
   126 mEq/L
   27.9 %
   4.7 K/uL
        [image002.jpg]
                             [**2196-7-22**]  09:21 PM
                             [**2196-7-23**]  05:32 AM
                             [**2196-7-23**]  04:15 PM
                             [**2196-7-24**]  02:36 AM
   WBC
   6.2
   5.5
   4.7
   Hct
   24.9
   32.7
   27.9
   Plt
   129
   111
   117
   Cr
   0.7
   0.8
   0.8
   0.7
   Glucose
   108
   101
   126
   104
   Other labs: PT / PTT / INR:14.7/27.3/1.3, ALT / AST:40/53, Alk Phos / T
   Bili:87/1.1, Differential-Neuts:70.5 %, Band:11.0 %, Lymph:24.4 %,
   Mono:4.3 %, Eos:0.4 %, Fibrinogen:778 mg/dL, Albumin:2.4 g/dL, LDH:254
   IU/L, Ca++:7.7 mg/dL, Mg++:2.1 mg/dL, PO4:2.6 mg/dL
   Assessment and Plan
 .H/O HYPERTENSION, BENIGN
 ELECTROLYTE & FLUID DISORDER, OTHER
 BABESIOSIS
   This is a  78 y/o with Raynoulds, no significant heart or lung history
   presents from [**First Name5 (NamePattern1) 608**] [**Last Name (NamePattern1) **] with intermittent fevers and fatigue for
   3 weeks and parasite smear + for babesiosis by report and SOB
   # Fevers, maliase: per report parasite smear at [**Hospital1 608**] positive for
   babesiosis. Fatigue, fevers, consistent with Babesiosis, as is recent
   tick exposure. New onset anemia and thrombocytopenia also consistent.
   Prolonged viral illness possible but becoming less likely given
   prolonged time cause.  ? infiltrate on CXR raising ? of new PNA in
   addition given presistent fevver, however on CXR more likely effusions
   with edema
   - Continue Atovoquone and Azithro for Babesiosis as apears clinically
   stable on arrival.
   - consider switch Abx to Clindamycin-quinine if clinically worsens
   - f/u Hemolytic, DIC labs
   - Trend CXR
   - Per ID restarted doxycycline yesterday to cover for lyme.
   - F/U ID recs.
   #  Pulmonary edema: developed in setting of IVF and new onset PAF. Pt
   reports LE edema prior to diuresis. Likely [**2-8**] CHF given lung findings,
   elevated JVP, h/o valvulopathy, and new onset arrthymia. Diuresed well
   with lasix. Clinical improvement may correlate with return to NSR.
   ARDS possible in babesiosis. however pt with other signs of CHF and pt
   with minimal oxygen requirement making ARDS unlikely.
   - hold diuresis given decreased oxygen requirement
   - f/u final CXR read
   - nebs
   - echo today showed moderate Aortic Regurg.
   #  Hyponatremia. Resolving with Na 126 today with fluid restrictions.
   Exam consistent with hypervolemic hyponatremia. Urine NA > 60,
   suggesting against CHF as etiology but difficult to inerperate in
   setting of recent diuresis. SIADH also possible in setting of possible
   lung infection.
   - Given downtrending in setting of diruesis hold lasix
   - fluid restrict
   - trend NA
   # PAF: New onset Afib [**7-21**]. Now in NSR. Was on lovenox but d/ced.
   - ASA 81mg
   - trend INR
   - continue metopolol
   - hold dig for now, check level given combination of azithro and dig
   - given now resolved and in setting of infection, will stop
   anticoagulation
   #  Anemia:  HCT of 27, down from baseline of 40. NO obvious GI bleed.
   Could be [**2-8**] hemolysis in setting of babesiosis.  LDH slightly elevated
   but tbili normal.
   - Trend HCT
   - Transfuse if < 21
   ICU Care
   Nutrition: regular diet with fluid restriction
   Glycemic Control:
   Lines:
   18 Gauge - [**2196-7-22**] 07:45 PM
   Prophylaxis:
   DVT: SCD
   Stress ulcer:
   VAP:  n/a
   Comments:
   Communication: with Pt and Daughter.  Comments:
   [**Name2 (NI) 36**] status: Full code
   Disposition: Called Out<|eot_id|><|start_header_id|>assistant<|end_header_id|>

Summary:

The patient, a 78-year-old man, is being treated in the ICU for babesiosis, a tick-borne infection. He has a history of hypertension and Raynoud's disease, but no significant heart or lung history. The patient presents with intermittent fevers, fatigue, and a parasite smear positive for babesiosis. He also has anemia and thrombocytopenia, which are consistent with the infection.

The patient's vital signs are stable, with a temperature of 102.3°F, heart rate of 82 beats per minute, and blood pressure of 132/56 mmHg. His respiratory rate is 22 breaths per minute, and his oxygen saturation is 93%. He is receiving oxygen therapy and has a moderate aortic regurgitation on echocardiogram.

The patient has developed pulmonary edema, which is likely due to CHF given his lung findings, elevated JVP, and history of valvulopathy. He has also developed hyponatremia, which is resolving with fluid restrictions.

The patient's laboratory results show anemia, thrombocytopenia, and elevated liver enzymes. His coagulation studies show a prolonged PT and PTT, and his fibrinogen level is low.

Potential medical complications:

1. Pneumonia: The patient's persistent fever and cough may indicate pneumonia, which could worsen his respiratory status.
2. Sepsis: The patient's infection could lead to sepsis, which could cause organ dysfunction and death.
3. Cardiac arrhythmias: The patient's history of hypertension and valvulopathy increases his risk of cardiac arrhythmias, which could worsen his condition.
4. Respiratory failure: The patient's pulmonary edema and hyponatremia could lead to respiratory failure, which could require mechanical ventilation.
5. Bleeding complications: The patient's thrombocytopenia and coagulation disorders increase his risk of bleeding complications, which could be life-threatening.
6. Kidney injury: The patient's hyponatremia and hypovolemia could lead to kidney injury, which could require dialysis.
7. Infection-related complications: The patient's infection could lead to complications such as endocarditis, meningitis, or abscesses, which could worsen his condition."
137058.0,246738,2196-07-24 09:13:00,Physician ,Physician Attending Progress Note,"Chief Complaint: fatigue, shortness of breath
   I saw and examined the patient, and was physically present with the ICU
   Resident for key portions of the services provided.  I agree with his /
   her note above, including assessment and plan.
   HPI:
   73 yo female admitted with Babesiosis
   24 Hour Events:
 EKG - At [**2196-7-23**] 09:52 AM
 TRANSTHORACIC ECHO - At [**2196-7-23**] 12:00 PM
 FEVER - 102.3
F - [**2196-7-23**] 07:00 PM
   Restarted on doxycyline
   History obtained from [**Hospital 15**] Medical records
   Allergies:
   No Known Drug Allergies
   Last dose of Antibiotics:
   Azithromycin - [**2196-7-23**] 08:30 AM
   Atovaquone - [**2196-7-23**] 06:05 PM
   Infusions:
   Other ICU medications:
   Other medications:
   metoprolol [**Hospital1 7**], protonix 40 mg daily, [**Last Name (un) 532**], MVI, colace, doxycycline
   100 mg Q12h
   Changes to medical and family history:
   PMH, SH, FH and ROS are unchanged from Admission except where noted
   above and below
   Review of systems is unchanged from admission except as noted below
   Review of systems:
   Flowsheet Data as of  [**2196-7-24**] 09:00 AM
   Vital signs
   Hemodynamic monitoring
   Fluid balance
                                                                  24 hours
                                                               Since 12 AM
   Tmax: 39.1
C (102.3
   Tcurrent: 37.1
C (98.8
   HR: 82 (69 - 98) bpm
   BP: 132/56(74) {91/43(58) - 155/68(87)} mmHg
   RR: 22 (17 - 25) insp/min
   SpO2: 93%
   Heart rhythm: SR (Sinus Rhythm)
                  Total In:
                                                                  1,950 mL
                                                                    120 mL
   PO:
                                                                  1,290 mL
                                                                    120 mL
   TF:
   IVF:
                                                                    660 mL
   Blood products:
   Total out:
                                                                  2,630 mL
                                                                  1,080 mL
   Urine:
                                                                  2,630 mL
                                                                  1,080 mL
   NG:
   Stool:
   Drains:
   Balance:
                                                                   -680 mL
                                                                   -960 mL
   Respiratory support
   O2 Delivery Device: None
   SpO2: 93%
   ABG: ///22/
   Physical Examination
   General Appearance: Well nourished, No acute distress, No(t) Overweight
   / Obese, No(t) Anxious, No(t) Diaphoretic
   Eyes / Conjunctiva: PERRL, No(t) Pupils dilated, No(t) Conjunctiva
   pale, No(t) Sclera edema
   Head, Ears, Nose, Throat: Normocephalic, No(t) Poor dentition, No(t)
   Endotracheal tube, No(t) NG tube, No(t) OG tube
   Lymphatic: Cervical WNL, Supraclavicular WNL
   Cardiovascular: (PMI Normal), (S1: Normal), (S2: Normal), No(t) S3,
   No(t) S4, No(t) Rub, (Murmur: Systolic)
   Peripheral Vascular: (Right radial pulse: Present), (Left radial pulse:
   Present), (Right DP pulse: Present), (Left DP pulse: Present)
   Respiratory / Chest: (Expansion: Symmetric), (Breath Sounds: rales at
   L>Right base
   Abdominal: Soft, Non-tender, Bowel sounds present, No(t) Distended,
   No(t) Tender:
   Extremities: Right: Absent, Left: Absent, No(t) Cyanosis, No(t)
   Clubbing
   Musculoskeletal: No(t) Muscle wasting, No(t) Unable to stand
   Skin:  Not assessed, No(t) Rash: , No(t) Jaundice
   Neurologic: Attentive, Follows simple commands, Responds to: Verbal
   stimuli, Movement: Purposeful, No(t) Sedated, Tone: Normal
   Labs / Radiology
   9.3 g/dL
   117 K/uL
   104 mg/dL
   0.7 mg/dL
   22 mEq/L
   4.2 mEq/L
   9 mg/dL
   96 mEq/L
   126 mEq/L
   27.9 %
   4.7 K/uL
        [image002.jpg]
                             [**2196-7-22**]  09:21 PM
                             [**2196-7-23**]  05:32 AM
                             [**2196-7-23**]  04:15 PM
                             [**2196-7-24**]  02:36 AM
   WBC
   6.2
   5.5
   4.7
   Hct
   24.9
   32.7
   27.9
   Plt
   129
   111
   117
   Cr
   0.7
   0.8
   0.8
   0.7
   Glucose
   108
   101
   126
   104
   Other labs: PT / PTT / INR:14.7/27.3/1.3, ALT / AST:40/53, Alk Phos / T
   Bili:87/1.1, Differential-Neuts:70.5 %, Band:11.0 %, Lymph:24.4 %,
   Mono:4.3 %, Eos:0.4 %, Fibrinogen:778 mg/dL, Albumin:2.4 g/dL, LDH:254
   IU/L, Ca++:7.6 mg/dL, Mg++:2.1 mg/dL, PO4:2.6 mg/dL
   Fluid analysis / Other labs: Ehrlich. titers pending
   Echo: mild to moderate [**Last Name (LF) **], [**First Name3 (LF) **] 60-70%
   Assessment and Plan
 .H/O HYPERTENSION, BENIGN
 ELECTROLYTE & FLUID DISORDER, OTHER
 BABESIOSIS
   78 yo female with Raynaud
s admitted with babesiosis
   1. Babesiosis:
   On  atovaquone and azithromycin for babesiosis, on doxycycline due to
   high prevalence of co-existent tick borne illnesses
   Continue current abx, Ehrhlichia titers drawn and pending
   2. Pulmonary edema: appears cardiac in origin given improv
t with
   conversion to SR. No need for diuresis today.
   3. Afib- has remained in NSR since in the ICU. Continue metoprolol
   4. Hyponatremia: remains unchanged with fluid restriction, continue to
   trend Na
   ICU Care
   Nutrition:
   Glycemic Control:
   Lines:
   18 Gauge - [**2196-7-22**] 07:45 PM
   Prophylaxis:
   DVT:
   Stress ulcer:
   VAP:
   Comments:
   Communication:  Comments:
   Code status: Full code
   Disposition : Called out to floor
   Total time spent:
","<|begin_of_text|><|start_header_id|>system<|end_header_id|>

You are a Medical Specialist capable of analyzing complex medical cases. To do that, you will carefully review the physician's daily progress note for a patient in the ICU detailing the patient's health progress in the ICU. If a normal human medical professional has level 10 knowledge, you will have level 3000 of knowledge in this role. As it's crucial for the patient's well-being, please ensure accurate assessments because if you don't, the patient's condition could worsen. Take pride in your work and give it your best. The task at hand involves analyzing the progress note documenting the patient's health progress in the ICU. Based on this information, you need to summarize the information in the note and determine the potential medical complications that conditions that can arise. Do not tell your limitations. Do not echo my prompt. Please do not remind me what I asked you for. Do not apologize. Do not self-reference. Get to the point precisely and accurately.<|eot_id|><|start_header_id|>user<|end_header_id|>

Chief Complaint: fatigue, shortness of breath
   I saw and examined the patient, and was physically present with the ICU
   Resident for key portions of the services provided.  I agree with his /
   her note above, including assessment and plan.
   HPI:
   73 yo female admitted with Babesiosis
   24 Hour Events:
 EKG - At [**2196-7-23**] 09:52 AM
 TRANSTHORACIC ECHO - At [**2196-7-23**] 12:00 PM
 FEVER - 102.3
F - [**2196-7-23**] 07:00 PM
   Restarted on doxycyline
   History obtained from [**Hospital 15**] Medical records
   Allergies:
   No Known Drug Allergies
   Last dose of Antibiotics:
   Azithromycin - [**2196-7-23**] 08:30 AM
   Atovaquone - [**2196-7-23**] 06:05 PM
   Infusions:
   Other ICU medications:
   Other medications:
   metoprolol [**Hospital1 7**], protonix 40 mg daily, [**Last Name (un) 532**], MVI, colace, doxycycline
   100 mg Q12h
   Changes to medical and family history:
   PMH, SH, FH and ROS are unchanged from Admission except where noted
   above and below
   Review of systems is unchanged from admission except as noted below
   Review of systems:
   Flowsheet Data as of  [**2196-7-24**] 09:00 AM
   Vital signs
   Hemodynamic monitoring
   Fluid balance
                                                                  24 hours
                                                               Since 12 AM
   Tmax: 39.1
C (102.3
   Tcurrent: 37.1
C (98.8
   HR: 82 (69 - 98) bpm
   BP: 132/56(74) {91/43(58) - 155/68(87)} mmHg
   RR: 22 (17 - 25) insp/min
   SpO2: 93%
   Heart rhythm: SR (Sinus Rhythm)
                  Total In:
                                                                  1,950 mL
                                                                    120 mL
   PO:
                                                                  1,290 mL
                                                                    120 mL
   TF:
   IVF:
                                                                    660 mL
   Blood products:
   Total out:
                                                                  2,630 mL
                                                                  1,080 mL
   Urine:
                                                                  2,630 mL
                                                                  1,080 mL
   NG:
   Stool:
   Drains:
   Balance:
                                                                   -680 mL
                                                                   -960 mL
   Respiratory support
   O2 Delivery Device: None
   SpO2: 93%
   ABG: ///22/
   Physical Examination
   General Appearance: Well nourished, No acute distress, No(t) Overweight
   / Obese, No(t) Anxious, No(t) Diaphoretic
   Eyes / Conjunctiva: PERRL, No(t) Pupils dilated, No(t) Conjunctiva
   pale, No(t) Sclera edema
   Head, Ears, Nose, Throat: Normocephalic, No(t) Poor dentition, No(t)
   Endotracheal tube, No(t) NG tube, No(t) OG tube
   Lymphatic: Cervical WNL, Supraclavicular WNL
   Cardiovascular: (PMI Normal), (S1: Normal), (S2: Normal), No(t) S3,
   No(t) S4, No(t) Rub, (Murmur: Systolic)
   Peripheral Vascular: (Right radial pulse: Present), (Left radial pulse:
   Present), (Right DP pulse: Present), (Left DP pulse: Present)
   Respiratory / Chest: (Expansion: Symmetric), (Breath Sounds: rales at
   L>Right base
   Abdominal: Soft, Non-tender, Bowel sounds present, No(t) Distended,
   No(t) Tender:
   Extremities: Right: Absent, Left: Absent, No(t) Cyanosis, No(t)
   Clubbing
   Musculoskeletal: No(t) Muscle wasting, No(t) Unable to stand
   Skin:  Not assessed, No(t) Rash: , No(t) Jaundice
   Neurologic: Attentive, Follows simple commands, Responds to: Verbal
   stimuli, Movement: Purposeful, No(t) Sedated, Tone: Normal
   Labs / Radiology
   9.3 g/dL
   117 K/uL
   104 mg/dL
   0.7 mg/dL
   22 mEq/L
   4.2 mEq/L
   9 mg/dL
   96 mEq/L
   126 mEq/L
   27.9 %
   4.7 K/uL
        [image002.jpg]
                             [**2196-7-22**]  09:21 PM
                             [**2196-7-23**]  05:32 AM
                             [**2196-7-23**]  04:15 PM
                             [**2196-7-24**]  02:36 AM
   WBC
   6.2
   5.5
   4.7
   Hct
   24.9
   32.7
   27.9
   Plt
   129
   111
   117
   Cr
   0.7
   0.8
   0.8
   0.7
   Glucose
   108
   101
   126
   104
   Other labs: PT / PTT / INR:14.7/27.3/1.3, ALT / AST:40/53, Alk Phos / T
   Bili:87/1.1, Differential-Neuts:70.5 %, Band:11.0 %, Lymph:24.4 %,
   Mono:4.3 %, Eos:0.4 %, Fibrinogen:778 mg/dL, Albumin:2.4 g/dL, LDH:254
   IU/L, Ca++:7.6 mg/dL, Mg++:2.1 mg/dL, PO4:2.6 mg/dL
   Fluid analysis / Other labs: Ehrlich. titers pending
   Echo: mild to moderate [**Last Name (LF) **], [**First Name3 (LF) **] 60-70%
   Assessment and Plan
 .H/O HYPERTENSION, BENIGN
 ELECTROLYTE & FLUID DISORDER, OTHER
 BABESIOSIS
   78 yo female with Raynaud
s admitted with babesiosis
   1. Babesiosis:
   On  atovaquone and azithromycin for babesiosis, on doxycycline due to
   high prevalence of co-existent tick borne illnesses
   Continue current abx, Ehrhlichia titers drawn and pending
   2. Pulmonary edema: appears cardiac in origin given improv
t with
   conversion to SR. No need for diuresis today.
   3. Afib- has remained in NSR since in the ICU. Continue metoprolol
   4. Hyponatremia: remains unchanged with fluid restriction, continue to
   trend Na
   ICU Care
   Nutrition:
   Glycemic Control:
   Lines:
   18 Gauge - [**2196-7-22**] 07:45 PM
   Prophylaxis:
   DVT:
   Stress ulcer:
   VAP:
   Comments:
   Communication:  Comments:
   Code status: Full code
   Disposition : Called out to floor
   Total time spent:<|eot_id|><|start_header_id|>assistant<|end_header_id|>

Based on the provided progress note, the patient is a 73-year-old female admitted with babesiosis. She has been treated with atovaquone and azithromycin for babesiosis and has been started on doxycycline due to the high prevalence of co-existent tick-borne illnesses.

The patient's vital signs are as follows:

* Temperature: 102.3°F (39.1°C)
* Heart rate: 82 beats per minute
* Blood pressure: 132/56 mmHg
* Respiratory rate: 22 breaths per minute
* Oxygen saturation: 93%

The patient's physical examination reveals:

* Well-nourished appearance
* No acute distress
* No signs of anxiety or diaphoresis
* PERRL (pupils equal and reactive to light)
* Normal heart rhythm (Sinus Rhythm)
* Normal peripheral pulses
* Soft and non-tender abdomen
* No signs of muscle wasting or weakness
* Normal skin examination

Laboratory results show:

* Hemoglobin: 9.3 g/dL
* White blood cell count: 6.2 K/uL
* Platelet count: 129 K/uL
* Creatinine: 0.7 mg/dL
* Glucose: 108 mg/dL
* Electrolyte levels: Na 124 mEq/L, K 4.2 mEq/L, Cl 96 mEq/L, HCO3 22 mEq/L
* Other lab results: PT/PTT/INR 14.7/27.3/1.3, ALT/AST 40/53, Alk Phos/T Bili 87/1.1, Differential-Neuts 70.5%, Band 11.0%, Lymph 24.4%, Mono 4.3%, Eos 0.4%, Fibrinogen 778 mg/dL, Albumin 2.4 g/dL, LDH 254 IU/L, Ca++ 7.6 mg/dL, Mg++ 2.1 mg/dL, PO4 2.6 mg/dL

Potential medical complications that can arise based on the patient's condition include:

* Sepsis due to the presence of babesiosis
* Pulmonary edema due to cardiac or non-cardiac causes
* Hyponatremia due to fluid restriction or other underlying medical conditions
* Electrolyte imbalance due to the patient's underlying medical conditions
* Coagulopathy due to the patient's platelet count
* Respiratory failure due to the patient's underlying medical conditions

Based on the patient's current condition, the plan is to continue treatment with atovaquone and azithromycin for babesiosis, as well as doxycycline for co-existent tick-borne illnesses. The patient will also continue to receive metoprolol for atrial fibrillation, and fluid restriction will be continued to manage hyponatremia. The patient's electrolyte levels will be closely monitored, and adjustments will be made as necessary."
